Competency,Category,Current,Target,Gap,Priority,Notes
Equipment Engineering Fundamentals,Technical,5,5,0,Critical,"Strong domain depth in engineering design and execution."
Order Accuracy / Quality Management,Technical,5,5,0,Critical,"Excellent in backlog and quality discipline."
Backlog and Workflow Management,Technical,4,5,1,High,"Strong baseline; could increase with predictive prioritization."
Vendor Coordination / Escalation Management,Technical,4,5,1,High,"Good escalation capability; build broader proactive management."
Executive Communication,Leadership,5,5,0,Critical,"Strong executive-ready communication style."
Cross-Functional Influence,Leadership,4,5,1,High,"Coaching and committee work show strong influence."
M365 Copilot Productivity,AI,5,5,0,Critical,"Excellent practical productivity capability."
Copilot Studio / Agent Building,AI,4,5,1,High,"Strong foundation with more advanced solution design potential."
Power Automate / Workflow Automation,AI,4,5,1,High,"Automation potential is clear and scalable."
Power BI / Data Visualization,AI,4,5,1,High,"Good analytics foundation; deepen metric strategy."
SQL / Data Querying,AI,4,5,1,High,"Strong fundamentals; more advanced data patterns would elevate impact."
GenAI Prompting / Grounding,AI,4,5,1,High,"Good grounding approach; goal is more advanced orchestration."
Responsible AI / Governance,AI,4,5,1,High,"Guardrails and CPNI awareness are present."
Change Leadership / AI Adoption,Leadership,5,5,0,Critical,"Strong adoption and coaching capability."
Strategic Thinking / Business Impact,Leadership,4,5,1,High,"Good domain-to-business insight; evolve ROI framing."
